PRAGMA foreign_keys=OFF;
BEGIN TRANSACTION;
CREATE TABLE IF NOT EXISTS "django_migrations" ("id" integer NOT NULL PRIMARY KEY AUTOINCREMENT, "app" varchar(255) NOT NULL, "name" varchar(255) NOT NULL, "applied" datetime NOT NULL);
INSERT INTO django_migrations VALUES(1,'contenttypes','0001_initial','2025-08-12 08:19:21.577911');
INSERT INTO django_migrations VALUES(2,'auth','0001_initial','2025-08-12 08:19:21.582159');
INSERT INTO django_migrations VALUES(3,'admin','0001_initial','2025-08-12 08:19:21.584689');
INSERT INTO django_migrations VALUES(4,'admin','0002_logentry_remove_auto_add','2025-08-12 08:19:21.588367');
INSERT INTO django_migrations VALUES(5,'admin','0003_logentry_add_action_flag_choices','2025-08-12 08:19:21.590401');
INSERT INTO django_migrations VALUES(6,'contenttypes','0002_remove_content_type_name','2025-08-12 08:19:21.594823');
INSERT INTO django_migrations VALUES(7,'auth','0002_alter_permission_name_max_length','2025-08-12 08:19:21.598136');
INSERT INTO django_migrations VALUES(8,'auth','0003_alter_user_email_max_length','2025-08-12 08:19:21.601487');
INSERT INTO django_migrations VALUES(9,'auth','0004_alter_user_username_opts','2025-08-12 08:19:21.603555');
INSERT INTO django_migrations VALUES(10,'auth','0005_alter_user_last_login_null','2025-08-12 08:19:21.606160');
INSERT INTO django_migrations VALUES(11,'auth','0006_require_contenttypes_0002','2025-08-12 08:19:21.606485');
INSERT INTO django_migrations VALUES(12,'auth','0007_alter_validators_add_error_messages','2025-08-12 08:19:21.608191');
INSERT INTO django_migrations VALUES(13,'auth','0008_alter_user_username_max_length','2025-08-12 08:19:21.610940');
INSERT INTO django_migrations VALUES(14,'auth','0009_alter_user_last_name_max_length','2025-08-12 08:19:21.613321');
INSERT INTO django_migrations VALUES(15,'auth','0010_alter_group_name_max_length','2025-08-12 08:19:21.616144');
INSERT INTO django_migrations VALUES(16,'auth','0011_update_proxy_permissions','2025-08-12 08:19:21.617823');
INSERT INTO django_migrations VALUES(17,'auth','0012_alter_user_first_name_max_length','2025-08-12 08:19:21.621822');
INSERT INTO django_migrations VALUES(18,'myapp','0001_initial','2025-08-12 08:19:21.625142');
INSERT INTO django_migrations VALUES(19,'myapp','0002_userloginhistory_companyloginhistory','2025-08-12 08:19:21.627589');
INSERT INTO django_migrations VALUES(20,'myapp','0003_company_num_employees_company_num_managers','2025-08-12 08:19:21.631488');
INSERT INTO django_migrations VALUES(21,'myapp','0004_employee_shift_end_employee_shift_start_and_more','2025-08-12 08:19:21.636889');
INSERT INTO django_migrations VALUES(22,'myapp','0005_attendance','2025-08-12 08:19:21.639740');
INSERT INTO django_migrations VALUES(23,'myapp','0006_manager_address','2025-08-12 08:19:21.642004');
INSERT INTO django_migrations VALUES(24,'myapp','0007_task','2025-08-12 08:19:21.647066');
INSERT INTO django_migrations VALUES(25,'myapp','0008_remove_task_assigned_by','2025-08-12 08:19:21.650988');
INSERT INTO django_migrations VALUES(26,'myapp','0009_task_is_completed','2025-08-12 08:19:21.654327');
INSERT INTO django_migrations VALUES(27,'myapp','0010_remove_task_assignees_task_assigned_employees_and_more','2025-08-12 08:19:21.660367');
INSERT INTO django_migrations VALUES(28,'myapp','0011_taskassignment','2025-08-12 08:19:21.665018');
INSERT INTO django_migrations VALUES(29,'myapp','0012_remove_task_assigned_employees_and_more','2025-08-12 08:19:21.673961');
INSERT INTO django_migrations VALUES(30,'myapp','0013_taskassignment_task_assigned_employees_and_more','2025-08-12 08:19:21.703735');
INSERT INTO django_migrations VALUES(31,'sessions','0001_initial','2025-08-12 08:19:21.779901');
INSERT INTO django_migrations VALUES(41,'myapp','0001_initial','2025-08-12 06:51:26.947123');
INSERT INTO django_migrations VALUES(42,'myapp','0002_userloginhistory_companyloginhistory','2025-08-12 06:51:26.950215');
INSERT INTO django_migrations VALUES(43,'myapp','0003_company_num_employees_company_num_managers','2025-08-12 06:51:26.954284');
INSERT INTO django_migrations VALUES(44,'myapp','0004_employee_shift_end_employee_shift_start_and_more','2025-08-12 06:51:26.961731');
INSERT INTO django_migrations VALUES(45,'myapp','0005_attendance','2025-08-12 06:51:26.964608');
INSERT INTO django_migrations VALUES(46,'myapp','0006_manager_address','2025-08-12 06:51:26.967837');
INSERT INTO django_migrations VALUES(47,'myapp','0007_task','2025-08-12 06:51:26.972048');
INSERT INTO django_migrations VALUES(48,'myapp','0008_remove_task_assigned_by','2025-08-12 06:51:26.975911');
INSERT INTO django_migrations VALUES(49,'myapp','0009_task_is_completed','2025-08-12 06:51:26.978742');
INSERT INTO django_migrations VALUES(50,'myapp','0010_remove_task_assignees_task_assigned_employees_and_more','2025-08-12 06:51:26.985198');
INSERT INTO django_migrations VALUES(51,'myapp','0011_taskassignment','2025-08-12 06:51:26.988581');
INSERT INTO django_migrations VALUES(52,'myapp','0012_remove_task_assigned_employees_and_more','2025-08-12 07:02:45.204199');
INSERT INTO django_migrations VALUES(55,'myapp','0013_taskassignment_task_assigned_employees_and_more','2025-08-12 08:02:06.132989');
CREATE TABLE IF NOT EXISTS "auth_group_permissions" ("id" integer NOT NULL PRIMARY KEY AUTOINCREMENT, "group_id" integer NOT NULL REFERENCES "auth_group" ("id") DEFERRABLE INITIALLY DEFERRED, "permission_id" integer NOT NULL REFERENCES "auth_permission" ("id") DEFERRABLE INITIALLY DEFERRED);
CREATE TABLE IF NOT EXISTS "auth_user_groups" ("id" integer NOT NULL PRIMARY KEY AUTOINCREMENT, "user_id" integer NOT NULL REFERENCES "auth_user" ("id") DEFERRABLE INITIALLY DEFERRED, "group_id" integer NOT NULL REFERENCES "auth_group" ("id") DEFERRABLE INITIALLY DEFERRED);
CREATE TABLE IF NOT EXISTS "auth_user_user_permissions" ("id" integer NOT NULL PRIMARY KEY AUTOINCREMENT, "user_id" integer NOT NULL REFERENCES "auth_user" ("id") DEFERRABLE INITIALLY DEFERRED, "permission_id" integer NOT NULL REFERENCES "auth_permission" ("id") DEFERRABLE INITIALLY DEFERRED);
CREATE TABLE IF NOT EXISTS "django_admin_log" ("id" integer NOT NULL PRIMARY KEY AUTOINCREMENT, "object_id" text NULL, "object_repr" varchar(200) NOT NULL, "action_flag" smallint unsigned NOT NULL CHECK ("action_flag" >= 0), "change_message" text NOT NULL, "content_type_id" integer NULL REFERENCES "django_content_type" ("id") DEFERRABLE INITIALLY DEFERRED, "user_id" integer NOT NULL REFERENCES "auth_user" ("id") DEFERRABLE INITIALLY DEFERRED, "action_time" datetime NOT NULL);
INSERT INTO django_admin_log VALUES(1,'1','mahee bhalodia',2,'[{"changed": {"fields": ["Face image"]}}]',9,1,'2025-07-13 06:17:51.483165');
INSERT INTO django_admin_log VALUES(2,'2','chand bhalodia',2,'[{"changed": {"fields": ["Face image"]}}]',9,1,'2025-07-13 06:18:05.838688');
INSERT INTO django_admin_log VALUES(3,'1','girish bhalodia',2,'[{"changed": {"fields": ["Face image"]}}]',8,1,'2025-07-13 06:18:20.557705');
INSERT INTO django_admin_log VALUES(4,'1','Tulsi ortho',2,'[{"changed": {"fields": ["Password"]}}]',7,1,'2025-07-13 07:36:12.391444');
INSERT INTO django_admin_log VALUES(5,'1','Tulsi ortho',2,'[]',7,1,'2025-07-13 07:38:10.685500');
INSERT INTO django_admin_log VALUES(6,'1','Tulsi ortho',2,'[]',7,1,'2025-07-13 10:45:45.419024');
INSERT INTO django_admin_log VALUES(7,'1','Tulsi ortho',2,'[{"changed": {"fields": ["Password"]}}]',7,1,'2025-07-13 10:46:42.363437');
INSERT INTO django_admin_log VALUES(8,'2','chand bhalodia',2,'[{"changed": {"fields": ["Password"]}}]',9,1,'2025-07-13 11:22:39.014455');
INSERT INTO django_admin_log VALUES(9,'1','girish bhalodia',2,'[{"changed": {"fields": ["Password"]}}]',8,1,'2025-07-13 12:04:12.489959');
INSERT INTO django_admin_log VALUES(10,'1','girish bhalodia',2,'[]',8,1,'2025-07-13 12:04:44.048642');
INSERT INTO django_admin_log VALUES(11,'2','aishwarya mehta',2,'[]',8,1,'2025-07-13 13:21:03.867484');
INSERT INTO django_admin_log VALUES(12,'2','reliance',2,'[{"changed": {"fields": ["Password"]}}]',7,1,'2025-07-13 13:42:36.149522');
INSERT INTO django_admin_log VALUES(13,'4','bhoomi awasthi',2,'[{"changed": {"fields": ["Password"]}}]',9,1,'2025-07-13 13:43:15.975222');
INSERT INTO django_admin_log VALUES(14,'1','Tulsi ortho',2,'[]',7,1,'2025-07-13 13:45:56.653915');
INSERT INTO django_admin_log VALUES(15,'1','mahee bhalodia',2,'[{"changed": {"fields": ["Email"]}}]',9,1,'2025-07-14 16:56:34.749007');
INSERT INTO django_admin_log VALUES(16,'2','chandni bhatt',2,'[{"changed": {"fields": ["Name"]}}]',9,1,'2025-07-14 17:26:25.228019');
INSERT INTO django_admin_log VALUES(17,'8','Mahee trivedi',2,'[{"changed": {"fields": ["Shift start", "Shift end", "Salary"]}}]',9,1,'2025-07-16 13:52:00.234989');
INSERT INTO django_admin_log VALUES(18,'7','chand bhalodia',2,'[{"changed": {"fields": ["Shift start", "Shift end", "Salary", "Face image"]}}]',9,1,'2025-07-16 13:52:50.859212');
INSERT INTO django_admin_log VALUES(19,'8','Mahee trivedi',2,'[{"changed": {"fields": ["Face image"]}}]',9,1,'2025-07-16 13:53:05.158865');
INSERT INTO django_admin_log VALUES(20,'8','Mahee trivedi',2,'[{"changed": {"fields": ["Shift end"]}}]',9,1,'2025-07-16 13:53:40.446793');
INSERT INTO django_admin_log VALUES(21,'7','chand bhalodia',2,'[{"changed": {"fields": ["Shift end"]}}]',9,1,'2025-07-16 13:53:52.780201');
INSERT INTO django_admin_log VALUES(22,'10','lapinoz',2,'[{"changed": {"fields": ["Password"]}}]',7,1,'2025-07-16 14:19:03.679835');
INSERT INTO django_admin_log VALUES(23,'5','sahil arora',1,'[{"added": {}}]',8,1,'2025-07-16 15:30:12.556863');
INSERT INTO django_admin_log VALUES(24,'5','sahil arora',2,'[]',8,1,'2025-07-16 15:30:50.541729');
INSERT INTO django_admin_log VALUES(25,'14','ritesh pandey',2,'[{"changed": {"fields": ["Shift start"]}}]',9,1,'2025-07-16 15:58:15.813630');
INSERT INTO django_admin_log VALUES(26,'7','chand bhalodia',2,'[{"changed": {"fields": ["Face image"]}}]',9,1,'2025-07-16 18:13:07.064846');
INSERT INTO django_admin_log VALUES(27,'14','ritesh pandey',2,'[{"changed": {"fields": ["Face image"]}}]',9,1,'2025-07-17 06:14:19.901986');
INSERT INTO django_admin_log VALUES(28,'14','ritesh pandey',2,'[{"changed": {"fields": ["Face image"]}}]',9,1,'2025-07-17 06:15:14.387997');
INSERT INTO django_admin_log VALUES(29,'68','Attendance for ritesh pandey (employee) on 2025-07-17 at hondo',2,'[{"changed": {"fields": ["Expected exit time", "Real exit time"]}}]',12,1,'2025-07-17 06:15:33.177365');
INSERT INTO django_admin_log VALUES(30,'68','Attendance for ritesh pandey (employee) on 2025-07-17 at hondo',2,'[{"changed": {"fields": ["Expected exit time", "Real entry time"]}}]',12,1,'2025-07-17 06:16:04.179143');
INSERT INTO django_admin_log VALUES(31,'6','pooja bhatt',2,'[{"changed": {"fields": ["Face image"]}}]',8,1,'2025-07-17 06:17:01.626443');
INSERT INTO django_admin_log VALUES(32,'7','chand bhalodia',2,'[{"changed": {"fields": ["Date joined"]}}]',9,1,'2025-07-18 15:18:00.194032');
INSERT INTO django_admin_log VALUES(33,'104','Attendance for harsh maharshi (employee) on 2025-07-19 at Air India',2,'[{"changed": {"fields": ["Real entry time"]}}]',12,1,'2025-07-19 05:20:05.133353');
INSERT INTO django_admin_log VALUES(34,'18','canara bank',2,'[{"changed": {"fields": ["Password"]}}]',7,1,'2025-07-20 16:42:39.242948');
INSERT INTO django_admin_log VALUES(35,'18','canara bank',2,'[{"changed": {"fields": ["Password"]}}]',7,1,'2025-07-20 16:49:40.538091');
INSERT INTO django_admin_log VALUES(36,'18','canara bank',2,'[{"changed": {"fields": ["Password"]}}]',7,1,'2025-07-20 16:49:53.489362');
INSERT INTO django_admin_log VALUES(37,'19','zudio',1,'[{"added": {}}]',7,1,'2025-07-20 17:04:43.170843');
INSERT INTO django_admin_log VALUES(38,'14','nyka',2,'[]',7,1,'2025-07-20 17:04:51.429540');
INSERT INTO django_admin_log VALUES(39,'19','zudio',2,'[{"changed": {"fields": ["Password"]}}]',7,1,'2025-07-20 17:04:56.461844');
INSERT INTO django_admin_log VALUES(40,'20','dfv',2,'[{"changed": {"fields": ["Face image"]}}]',9,1,'2025-08-07 05:35:52.441417');
INSERT INTO django_admin_log VALUES(41,'170','Attendance for pooja bhatt (manager) on 2025-08-05 at hondo',2,'[{"changed": {"fields": ["Real entry time"]}}]',12,1,'2025-08-07 07:34:52.031575');
INSERT INTO django_admin_log VALUES(42,'17','akriti desai',2,'[{"changed": {"fields": ["Face image"]}}]',9,1,'2025-08-07 17:15:10.519518');
INSERT INTO django_admin_log VALUES(43,'253','Attendance for sahil gandhi (manager) on 2025-08-08 at Air India',2,'[{"changed": {"fields": ["Real entry time"]}}]',12,1,'2025-08-08 04:31:44.040582');
INSERT INTO django_admin_log VALUES(44,'253','Attendance for sahil gandhi (manager) on 2025-08-08 at Air India',2,'[{"changed": {"fields": ["Real entry time"]}}]',12,1,'2025-08-08 04:37:41.522345');
INSERT INTO django_admin_log VALUES(45,'253','Attendance for sahil gandhi (manager) on 2025-08-08 at Air India',2,'[{"changed": {"fields": ["Real entry time"]}}]',12,1,'2025-08-08 04:39:26.788916');
INSERT INTO django_admin_log VALUES(46,'253','Attendance for sahil gandhi (manager) on 2025-08-08 at Air India',2,'[{"changed": {"fields": ["Real entry time"]}}]',12,1,'2025-08-08 04:45:37.652338');
INSERT INTO django_admin_log VALUES(47,'253','Attendance for sahil gandhi (manager) on 2025-08-08 at Air India',2,'[{"changed": {"fields": ["Real entry time"]}}]',12,1,'2025-08-08 10:16:54.836266');
INSERT INTO django_admin_log VALUES(48,'268','Attendance for bhavesh mishra (employee) on 2025-08-08 at canara bank',2,'[{"changed": {"fields": ["Real entry time", "Real exit time"]}}]',12,1,'2025-08-08 15:04:22.153891');
INSERT INTO django_admin_log VALUES(49,'252','Attendance for radha patel (employee) on 2025-08-08 at Air India',2,'[{"changed": {"fields": ["Real entry time", "Real exit time"]}}]',12,1,'2025-08-08 15:04:45.135494');
INSERT INTO django_admin_log VALUES(50,'253','Attendance for sahil gandhi (manager) on 2025-08-08 at Air India',2,'[{"changed": {"fields": ["Real entry time", "Real exit time"]}}]',12,1,'2025-08-08 15:05:02.414200');
INSERT INTO django_admin_log VALUES(51,'252','Attendance for radha patel (employee) on 2025-08-08 at Air India',2,'[]',12,1,'2025-08-08 15:05:08.171853');
INSERT INTO django_admin_log VALUES(52,'251','Attendance for kajol mukherji (employee) on 2025-08-08 at Air India',2,'[{"changed": {"fields": ["Real entry time", "Real exit time"]}}]',12,1,'2025-08-08 15:05:25.204566');
INSERT INTO django_admin_log VALUES(53,'246','Attendance for chand bhalodia (employee) on 2025-08-08 at Air India',2,'[{"changed": {"fields": ["Real entry time", "Real exit time"]}}]',12,1,'2025-08-08 15:05:50.520173');
INSERT INTO django_admin_log VALUES(54,'247','Attendance for Mahee dwivedi (employee) on 2025-08-08 at Air India',2,'[]',12,1,'2025-08-08 15:05:56.828381');
INSERT INTO django_admin_log VALUES(55,'223','Attendance for mukti birla (manager) on 2025-08-07 at Air India',2,'[{"changed": {"fields": ["Real entry time", "Real exit time"]}}]',12,1,'2025-08-08 15:08:13.564836');
INSERT INTO django_admin_log VALUES(56,'192','Attendance for mukti birla (manager) on 2025-08-06 at Air India',2,'[{"changed": {"fields": ["Real entry time", "Real exit time"]}}]',12,1,'2025-08-08 15:08:31.864023');
INSERT INTO django_admin_log VALUES(57,'191','Attendance for sahil gandhi (manager) on 2025-08-06 at Air India',2,'[{"changed": {"fields": ["Real entry time", "Real exit time"]}}]',12,1,'2025-08-08 15:08:49.340818');
INSERT INTO django_admin_log VALUES(58,'190','Attendance for radha patel (employee) on 2025-08-06 at Air India',2,'[{"changed": {"fields": ["Real entry time", "Real exit time"]}}]',12,1,'2025-08-08 15:09:09.495642');
INSERT INTO django_admin_log VALUES(59,'187','Attendance for akriti desai (employee) on 2025-08-06 at Air India',2,'[{"changed": {"fields": ["Real entry time", "Real exit time"]}}]',12,1,'2025-08-08 15:14:39.605054');
INSERT INTO django_admin_log VALUES(60,'7','dwf-ref',3,'',13,1,'2025-08-11 05:46:00.204176');
INSERT INTO django_admin_log VALUES(61,'6','wef-erf',3,'',13,1,'2025-08-11 05:46:30.819111');
INSERT INTO django_admin_log VALUES(62,'5','sec-sdc',3,'',13,1,'2025-08-11 05:46:36.303155');
INSERT INTO django_admin_log VALUES(63,'4','ds-dsfv',3,'',13,1,'2025-08-11 05:46:46.652344');
INSERT INTO django_admin_log VALUES(64,'3','werf-werf',3,'',13,1,'2025-08-11 05:46:52.669720');
INSERT INTO django_admin_log VALUES(65,'1','end-werf',3,'',13,1,'2025-08-11 05:46:58.104523');
INSERT INTO django_admin_log VALUES(66,'8','werf-ewrfg',3,'',13,1,'2025-08-11 05:47:44.703273');
INSERT INTO django_admin_log VALUES(67,'2','chand-bhalodia',3,'',13,1,'2025-08-11 05:47:49.870219');
INSERT INTO django_admin_log VALUES(68,'361','Attendance for bhavesh mishra (employee) on 2025-08-11 at canara bank',2,'[{"changed": {"fields": ["Real entry time", "Real exit time"]}}]',12,1,'2025-08-11 08:51:00.082997');
INSERT INTO django_admin_log VALUES(69,'43','rahul patil (employee) at 2025-08-11 18:55:46+05:30',2,'[]',10,1,'2025-08-11 16:04:23.470115');
INSERT INTO django_admin_log VALUES(70,'6','rahul patil',2,'[{"changed": {"fields": ["Shift start", "Shift end"]}}]',9,1,'2025-08-11 16:04:44.150643');
INSERT INTO django_admin_log VALUES(71,'6','rahul patil',2,'[]',9,1,'2025-08-11 16:05:21.473129');
INSERT INTO django_admin_log VALUES(72,'6','rahul patil',2,'[{"changed": {"fields": ["Shift end"]}}]',9,1,'2025-08-11 16:05:37.180820');
INSERT INTO django_admin_log VALUES(73,'338','Attendance for rahul patil (employee) on 2025-08-11 at TCS',2,'[{"changed": {"fields": ["Expected entry time", "Expected exit time"]}}]',12,1,'2025-08-11 16:33:17.569101');
INSERT INTO django_admin_log VALUES(74,'22','radha patel',2,'[{"changed": {"fields": ["Password"]}}]',9,1,'2025-08-11 17:31:20.421688');
INSERT INTO django_admin_log VALUES(75,'23','dev aghera',1,'[{"added": {}}]',9,1,'2025-08-11 17:34:55.381916');
INSERT INTO django_admin_log VALUES(76,'9','mukti birla',2,'[{"changed": {"fields": ["Password"]}}]',8,1,'2025-08-11 17:53:52.527107');
INSERT INTO django_admin_log VALUES(77,'23','tanishq jewellery',3,'',7,1,'2025-08-11 18:48:37.823595');
CREATE TABLE IF NOT EXISTS "django_content_type" ("id" integer NOT NULL PRIMARY KEY AUTOINCREMENT, "app_label" varchar(100) NOT NULL, "model" varchar(100) NOT NULL);
INSERT INTO django_content_type VALUES(1,'admin','logentry');
INSERT INTO django_content_type VALUES(2,'auth','permission');
INSERT INTO django_content_type VALUES(3,'auth','group');
INSERT INTO django_content_type VALUES(4,'auth','user');
INSERT INTO django_content_type VALUES(5,'contenttypes','contenttype');
INSERT INTO django_content_type VALUES(6,'sessions','session');
INSERT INTO django_content_type VALUES(7,'myapp','company');
INSERT INTO django_content_type VALUES(8,'myapp','manager');
INSERT INTO django_content_type VALUES(9,'myapp','employee');
INSERT INTO django_content_type VALUES(10,'myapp','userloginhistory');
INSERT INTO django_content_type VALUES(11,'myapp','companyloginhistory');
INSERT INTO django_content_type VALUES(12,'myapp','attendance');
INSERT INTO django_content_type VALUES(13,'myapp','task');
INSERT INTO django_content_type VALUES(14,'myapp','taskassignment');
CREATE TABLE IF NOT EXISTS "auth_permission" ("id" integer NOT NULL PRIMARY KEY AUTOINCREMENT, "content_type_id" integer NOT NULL REFERENCES "django_content_type" ("id") DEFERRABLE INITIALLY DEFERRED, "codename" varchar(100) NOT NULL, "name" varchar(255) NOT NULL);
INSERT INTO auth_permission VALUES(1,1,'add_logentry','Can add log entry');
INSERT INTO auth_permission VALUES(2,1,'change_logentry','Can change log entry');
INSERT INTO auth_permission VALUES(3,1,'delete_logentry','Can delete log entry');
INSERT INTO auth_permission VALUES(4,1,'view_logentry','Can view log entry');
INSERT INTO auth_permission VALUES(5,2,'add_permission','Can add permission');
INSERT INTO auth_permission VALUES(6,2,'change_permission','Can change permission');
INSERT INTO auth_permission VALUES(7,2,'delete_permission','Can delete permission');
INSERT INTO auth_permission VALUES(8,2,'view_permission','Can view permission');
INSERT INTO auth_permission VALUES(9,3,'add_group','Can add group');
INSERT INTO auth_permission VALUES(10,3,'change_group','Can change group');
INSERT INTO auth_permission VALUES(11,3,'delete_group','Can delete group');
INSERT INTO auth_permission VALUES(12,3,'view_group','Can view group');
INSERT INTO auth_permission VALUES(13,4,'add_user','Can add user');
INSERT INTO auth_permission VALUES(14,4,'change_user','Can change user');
INSERT INTO auth_permission VALUES(15,4,'delete_user','Can delete user');
INSERT INTO auth_permission VALUES(16,4,'view_user','Can view user');
INSERT INTO auth_permission VALUES(17,5,'add_contenttype','Can add content type');
INSERT INTO auth_permission VALUES(18,5,'change_contenttype','Can change content type');
INSERT INTO auth_permission VALUES(19,5,'delete_contenttype','Can delete content type');
INSERT INTO auth_permission VALUES(20,5,'view_contenttype','Can view content type');
INSERT INTO auth_permission VALUES(21,6,'add_session','Can add session');
INSERT INTO auth_permission VALUES(22,6,'change_session','Can change session');
INSERT INTO auth_permission VALUES(23,6,'delete_session','Can delete session');
INSERT INTO auth_permission VALUES(24,6,'view_session','Can view session');
INSERT INTO auth_permission VALUES(25,7,'add_company','Can add company');
INSERT INTO auth_permission VALUES(26,7,'change_company','Can change company');
INSERT INTO auth_permission VALUES(27,7,'delete_company','Can delete company');
INSERT INTO auth_permission VALUES(28,7,'view_company','Can view company');
INSERT INTO auth_permission VALUES(29,8,'add_manager','Can add manager');
INSERT INTO auth_permission VALUES(30,8,'change_manager','Can change manager');
INSERT INTO auth_permission VALUES(31,8,'delete_manager','Can delete manager');
INSERT INTO auth_permission VALUES(32,8,'view_manager','Can view manager');
INSERT INTO auth_permission VALUES(33,9,'add_employee','Can add employee');
INSERT INTO auth_permission VALUES(34,9,'change_employee','Can change employee');
INSERT INTO auth_permission VALUES(35,9,'delete_employee','Can delete employee');
INSERT INTO auth_permission VALUES(36,9,'view_employee','Can view employee');
INSERT INTO auth_permission VALUES(37,10,'add_userloginhistory','Can add user login history');
INSERT INTO auth_permission VALUES(38,10,'change_userloginhistory','Can change user login history');
INSERT INTO auth_permission VALUES(39,10,'delete_userloginhistory','Can delete user login history');
INSERT INTO auth_permission VALUES(40,10,'view_userloginhistory','Can view user login history');
INSERT INTO auth_permission VALUES(41,11,'add_companyloginhistory','Can add company login history');
INSERT INTO auth_permission VALUES(42,11,'change_companyloginhistory','Can change company login history');
INSERT INTO auth_permission VALUES(43,11,'delete_companyloginhistory','Can delete company login history');
INSERT INTO auth_permission VALUES(44,11,'view_companyloginhistory','Can view company login history');
INSERT INTO auth_permission VALUES(45,12,'add_attendance','Can add attendance');
INSERT INTO auth_permission VALUES(46,12,'change_attendance','Can change attendance');
INSERT INTO auth_permission VALUES(47,12,'delete_attendance','Can delete attendance');
INSERT INTO auth_permission VALUES(48,12,'view_attendance','Can view attendance');
INSERT INTO auth_permission VALUES(49,13,'add_task','Can add task');
INSERT INTO auth_permission VALUES(50,13,'change_task','Can change task');
INSERT INTO auth_permission VALUES(51,13,'delete_task','Can delete task');
INSERT INTO auth_permission VALUES(52,13,'view_task','Can view task');
INSERT INTO auth_permission VALUES(53,14,'add_taskassignment','Can add task assignment');
INSERT INTO auth_permission VALUES(54,14,'change_taskassignment','Can change task assignment');
INSERT INTO auth_permission VALUES(55,14,'delete_taskassignment','Can delete task assignment');
INSERT INTO auth_permission VALUES(56,14,'view_taskassignment','Can view task assignment');
CREATE TABLE IF NOT EXISTS "auth_group" ("id" integer NOT NULL PRIMARY KEY AUTOINCREMENT, "name" varchar(150) NOT NULL UNIQUE);
CREATE TABLE IF NOT EXISTS "auth_user" ("id" integer NOT NULL PRIMARY KEY AUTOINCREMENT, "password" varchar(128) NOT NULL, "last_login" datetime NULL, "is_superuser" bool NOT NULL, "username" varchar(150) NOT NULL UNIQUE, "last_name" varchar(150) NOT NULL, "email" varchar(254) NOT NULL, "is_staff" bool NOT NULL, "is_active" bool NOT NULL, "date_joined" datetime NOT NULL, "first_name" varchar(150) NOT NULL);
INSERT INTO auth_user VALUES(1,'pbkdf2_sha256$1000000$DImWTKHLBWkkC3nI60QLem$aBt1ViO4K+/MyLy6WZRAkH11YXZj7Lx4OfvJVFlP2vA=','2025-08-05 15:29:10.790582',1,'chand','','',1,1,'2025-07-13 06:09:07.174638','');
INSERT INTO auth_user VALUES(2,'pbkdf2_sha256$1000000$Mj6HPx0iDn9PnCT8HdDun5$SS1Mf/LKoc8dRd4NGetujoKOwKyKAYuPuTw19wMUKkg=',NULL,1,'chand16','','admin@example.com',1,1,'2025-07-13 11:12:39.159648','');
CREATE TABLE IF NOT EXISTS "myapp_manager" ("manager_id" integer NOT NULL PRIMARY KEY AUTOINCREMENT, "name" varchar(100) NOT NULL, "email" varchar(254) NOT NULL UNIQUE, "phone" varchar(15) NULL, "department" varchar(100) NULL, "gender" varchar(1) NULL, "date_of_birth" date NULL, "date_joined" date NOT NULL, "salary" decimal NULL, "password" varchar(128) NULL, "face_image" varchar(100) NULL, "company_id" integer NOT NULL REFERENCES "myapp_company" ("company_id") DEFERRABLE INITIALLY DEFERRED, "shift_end" time NULL, "shift_start" time NULL, "address" text NULL);
CREATE TABLE IF NOT EXISTS "myapp_employee" ("employee_id" integer NOT NULL PRIMARY KEY AUTOINCREMENT, "name" varchar(100) NOT NULL, "email" varchar(254) NOT NULL UNIQUE, "phone" varchar(15) NULL, "address" text NULL, "position" varchar(100) NULL, "gender" varchar(1) NULL, "date_of_birth" date NULL, "date_joined" date NOT NULL, "salary" decimal NULL, "password" varchar(128) NULL, "face_image" varchar(100) NULL, "company_id" integer NOT NULL REFERENCES "myapp_company" ("company_id") DEFERRABLE INITIALLY DEFERRED, "manager_id" integer NULL REFERENCES "myapp_manager" ("manager_id") DEFERRABLE INITIALLY DEFERRED, "shift_end" time NULL, "shift_start" time NULL);
INSERT INTO myapp_employee VALUES(1,'akriti desai','akriti@gmail.com','1414141414','fv','erafv','F',NULL,'2025-08-12',45000,NULL,'',1,NULL,'18:00:00','10:00:00');
CREATE TABLE IF NOT EXISTS "myapp_userloginhistory" ("id" integer NOT NULL PRIMARY KEY AUTOINCREMENT, "user_email" varchar(254) NOT NULL, "username" varchar(100) NOT NULL, "role" varchar(20) NOT NULL, "login_time" datetime NOT NULL);
CREATE TABLE IF NOT EXISTS "myapp_companyloginhistory" ("id" integer NOT NULL PRIMARY KEY AUTOINCREMENT, "company_name" varchar(100) NOT NULL, "username" varchar(100) NOT NULL, "email" varchar(254) NOT NULL, "login_time" datetime NOT NULL, "company_id" integer NOT NULL REFERENCES "myapp_company" ("company_id") DEFERRABLE INITIALLY DEFERRED);
CREATE TABLE IF NOT EXISTS "myapp_company" ("company_id" integer NOT NULL PRIMARY KEY AUTOINCREMENT, "companyName" varchar(100) NOT NULL, "email" varchar(254) NOT NULL UNIQUE, "phone" varchar(15) NOT NULL, "city" varchar(50) NOT NULL, "password" varchar(128) NOT NULL, "num_employees" integer NOT NULL, "num_managers" integer NOT NULL);
INSERT INTO myapp_company VALUES(1,'Air india','air@gmail.com','121212121212','Ahemdabad','pbkdf2_sha256$1000000$klvCy9HHUoTb7ljBgDQLEY$qgCO1aHt+oD/Lu8ZaPNFFQluXe3d0oHulUhIMQ7LxBM=',0,0);
CREATE TABLE IF NOT EXISTS "myapp_attendance" ("attendance_id" integer NOT NULL PRIMARY KEY AUTOINCREMENT, "user_email" varchar(254) NOT NULL, "user_name" varchar(100) NOT NULL, "user_role" varchar(20) NOT NULL, "date" date NOT NULL, "expected_entry_time" time NULL, "expected_exit_time" time NULL, "real_entry_time" time NULL, "real_exit_time" time NULL, "company_id" integer NOT NULL REFERENCES "myapp_company" ("company_id") DEFERRABLE INITIALLY DEFERRED, "employee_id" integer NULL REFERENCES "myapp_employee" ("employee_id") DEFERRABLE INITIALLY DEFERRED, "manager_id" integer NULL REFERENCES "myapp_manager" ("manager_id") DEFERRABLE INITIALLY DEFERRED);
CREATE TABLE IF NOT EXISTS "myapp_taskassignment" ("id" integer NOT NULL PRIMARY KEY AUTOINCREMENT, "is_completed_by_user" bool NOT NULL, "completion_notes" text NULL, "employee_id" integer NULL REFERENCES "myapp_employee" ("employee_id") DEFERRABLE INITIALLY DEFERRED, "manager_id" integer NULL REFERENCES "myapp_manager" ("manager_id") DEFERRABLE INITIALLY DEFERRED, "task_id" bigint NOT NULL REFERENCES "myapp_task" ("id") DEFERRABLE INITIALLY DEFERRED);
CREATE TABLE IF NOT EXISTS "myapp_task" ("id" integer NOT NULL PRIMARY KEY AUTOINCREMENT, "title" varchar(200) NOT NULL, "description" text NOT NULL, "start_date" date NOT NULL, "end_date" date NOT NULL, "created_at" datetime NOT NULL, "is_completed" bool NOT NULL);
CREATE TABLE IF NOT EXISTS "django_session" ("session_key" varchar(40) NOT NULL PRIMARY KEY, "session_data" text NOT NULL, "expire_date" datetime NOT NULL);
INSERT INTO django_session VALUES('5mblfnn0scykj45jn7zmllwiwuje3jzx','.eJxVjL0OwjAQg98lM4ryR1IY2fsM0V1yRwoolZp2Qrw7jdQBJC_2Z_stImxriVujJU5ZXIUWp98MIT2pdpAfUO-zTHNdlwllr8iDNjnOmV63o_t3UKCVfa0G3xWyc9oqYmCvzMCKeTcY4BycvaA13nmnAgUiSggGLWsFTFp8vsrsN_M:1uapxQ:w-WPissM3em7dqCwp8FR0qjVhOm8UwKk6Cl_YpgyBXQ','2025-07-27 06:13:04.197247');
INSERT INTO django_session VALUES('9rh731as1116xf370qqyqr8hzqnq8xbp','.eJxVjL0OwjAQg98lM4ryR1IY2fsM0V1yRwoolZp2Qrw7jdQBJC_2Z_stImxriVujJU5ZXIUWp98MIT2pdpAfUO-zTHNdlwllr8iDNjnOmV63o_t3UKCVfa0G3xWyc9oqYmCvzMCKeTcY4BycvaA13nmnAgUiSggGLWsFTFp8vsrsN_M:1uc107:9k62UAst4iOi38dEvBeq_Oh8mQl3EfBUGlwvoPB8H-s','2025-07-30 12:12:43.235023');
INSERT INTO django_session VALUES('7zs2wkt6xm9k0q6kgf2qzz9toajwyb1d','.eJxVjL0OwjAQg98lM4ryR1IY2fsM0V1yRwoolZp2Qrw7jdQBJC_2Z_stImxriVujJU5ZXIUWp98MIT2pdpAfUO-zTHNdlwllr8iDNjnOmV63o_t3UKCVfa0G3xWyc9oqYmCvzMCKeTcY4BycvaA13nmnAgUiSggGLWsFTFp8vsrsN_M:1udCUq:qr74XU1vvYCDL8sTbG9EkJKIIe-s-fLIETCZoGPdtoM','2025-08-02 18:41:20.479075');
INSERT INTO django_session VALUES('t57inw705z5ug30rt0pvenpipeaflshg','.eJxVjL0OwjAQg98lM4ryR1IY2fsM0V1yRwoolZp2Qrw7jdQBJC_2Z_stImxriVujJU5ZXIUWp98MIT2pdpAfUO-zTHNdlwllr8iDNjnOmV63o_t3UKCVfa0G3xWyc9oqYmCvzMCKeTcY4BycvaA13nmnAgUiSggGLWsFTFp8vsrsN_M:1udWya:MwT6INcGBBhmkTReNJBYo8uH61Rj1NHSF7JqrShfCHc','2025-08-03 16:33:24.067539');
INSERT INTO django_session VALUES('4rcvas66x2o7tqwo6tny7cztxjze86xx','.eJxVjL0OwjAQg98lM4ryR1IY2fsM0V1yRwoolZp2Qrw7jdQBJC_2Z_stImxriVujJU5ZXIUWp98MIT2pdpAfUO-zTHNdlwllr8iDNjnOmV63o_t3UKCVfa0G3xWyc9oqYmCvzMCKeTcY4BycvaA13nmnAgUiSggGLWsFTFp8vsrsN_M:1ujJbC:vkTXAlD8jkuZkl5FkKaZhGtRAQ1hAqhvohvvQZdcn2k','2025-08-19 15:29:10.791244');
DELETE FROM sqlite_sequence;
INSERT INTO sqlite_sequence VALUES('django_migrations',55);
INSERT INTO sqlite_sequence VALUES('django_admin_log',77);
INSERT INTO sqlite_sequence VALUES('django_content_type',14);
INSERT INTO sqlite_sequence VALUES('auth_permission',56);
INSERT INTO sqlite_sequence VALUES('auth_group',0);
INSERT INTO sqlite_sequence VALUES('auth_user',2);
INSERT INTO sqlite_sequence VALUES('myapp_company',1);
INSERT INTO sqlite_sequence VALUES('myapp_employee',1);
INSERT INTO sqlite_sequence VALUES('myapp_task',0);
CREATE UNIQUE INDEX "auth_group_permissions_group_id_permission_id_0cd325b0_uniq" ON "auth_group_permissions" ("group_id", "permission_id");
CREATE INDEX "auth_group_permissions_group_id_b120cbf9" ON "auth_group_permissions" ("group_id");
CREATE INDEX "auth_group_permissions_permission_id_84c5c92e" ON "auth_group_permissions" ("permission_id");
CREATE UNIQUE INDEX "auth_user_groups_user_id_group_id_94350c0c_uniq" ON "auth_user_groups" ("user_id", "group_id");
CREATE INDEX "auth_user_groups_user_id_6a12ed8b" ON "auth_user_groups" ("user_id");
CREATE INDEX "auth_user_groups_group_id_97559544" ON "auth_user_groups" ("group_id");
CREATE UNIQUE INDEX "auth_user_user_permissions_user_id_permission_id_14a6b632_uniq" ON "auth_user_user_permissions" ("user_id", "permission_id");
CREATE INDEX "auth_user_user_permissions_user_id_a95ead1b" ON "auth_user_user_permissions" ("user_id");
CREATE INDEX "auth_user_user_permissions_permission_id_1fbb5f2c" ON "auth_user_user_permissions" ("permission_id");
CREATE INDEX "django_admin_log_content_type_id_c4bce8eb" ON "django_admin_log" ("content_type_id");
CREATE INDEX "django_admin_log_user_id_c564eba6" ON "django_admin_log" ("user_id");
CREATE UNIQUE INDEX "django_content_type_app_label_model_76bd3d3b_uniq" ON "django_content_type" ("app_label", "model");
CREATE UNIQUE INDEX "auth_permission_content_type_id_codename_01ab375a_uniq" ON "auth_permission" ("content_type_id", "codename");
CREATE INDEX "auth_permission_content_type_id_2f476e4b" ON "auth_permission" ("content_type_id");
CREATE INDEX "myapp_manager_company_id_f5611bca" ON "myapp_manager" ("company_id");
CREATE INDEX "myapp_employee_company_id_96eb9490" ON "myapp_employee" ("company_id");
CREATE INDEX "myapp_employee_manager_id_2e00c9b4" ON "myapp_employee" ("manager_id");
CREATE INDEX "myapp_companyloginhistory_company_id_6ee5852d" ON "myapp_companyloginhistory" ("company_id");
CREATE UNIQUE INDEX "myapp_attendance_company_id_user_email_date_4299abf6_uniq" ON "myapp_attendance" ("company_id", "user_email", "date");
CREATE INDEX "myapp_attendance_company_id_e7d04916" ON "myapp_attendance" ("company_id");
CREATE INDEX "myapp_attendance_employee_id_23ce3b94" ON "myapp_attendance" ("employee_id");
CREATE INDEX "myapp_attendance_manager_id_26e42b5a" ON "myapp_attendance" ("manager_id");
CREATE INDEX "myapp_taskassignment_employee_id_6c029810" ON "myapp_taskassignment" ("employee_id");
CREATE INDEX "myapp_taskassignment_manager_id_c6ec057c" ON "myapp_taskassignment" ("manager_id");
CREATE INDEX "myapp_taskassignment_task_id_70ca358b" ON "myapp_taskassignment" ("task_id");
CREATE INDEX "django_session_expire_date_a5c62663" ON "django_session" ("expire_date");
COMMIT;
